1;!
2;!
3;O
4;-
5;-
6;-
7;-
8;-
9;-
10;-
11;-
12;-
13;-
14;O
15;!
16;!
17;!
18;!
19;!
20;!
21;!
22;!
23;I
24;!
25;!
26;!
27;!
28;!
29;!
30;!
31;!
32;!
33;!
34;I
35;!
36;!
37;!
38;!
39;!
40;!
41;!
42;!
43;I
44;!
45;!
46;!
47;!
48;!
49;!
50;!
51;!
52;X
53;!
54;O
55;-
56;-
57;-
58;-
59;-
60;O
61;O
62;-
63;O
64;!
65;!
66;!
67;!
68;!
69;!
70;!
71;!
72;!
73;!
74;!
75;!
76;!
77;!
78;!
79;!
80;I
81;I
82;!
83;!
84;!
85;!
86;!
87;!
88;!
89;!
90;!
91;!
92;!
93;!
94;!
95;!
96;!
97;!
98;!
99;!
100;I
101;I
102;!
103;!
104;!
105;!
106;!
107;!
108;!
109;!
110;!
111;!
112;!
113;!
114;!
115;!
116;!
117;!
118;!
119;!
120;I
121;I
122;!
123;!
124;!
125;!
126;!
127;!
128;!
129;!
130;!
131;!
132;!
133;!
134;!
135;!
136;!
137;!
138;!
139;!
140;I
141;I
142;!
143;!
144;!
145;!
146;!
147;!
148;!
149;!
150;!
151;!
152;!
153;!
154;O
155;-
156;-
157;-
158;O
159;!
160;I
161;I
162;!
163;!
164;!
165;!
166;!
167;!
168;!
169;!
170;!
171;!
172;!
173;!
174;I
175;!
176;!
177;!
178;I
179;!
180;I
181;I
182;!
183;!
184;!
185;!
186;!
187;!
188;!
189;!
190;!
191;!
192;!
193;!
194;I
195;!
196;!
197;!
198;I
199;L
200;I
201;I
202;!
203;!
204;!
205;!
206;!
207;!
208;!
209;!
210;!
211;!
212;!
213;!
214;I
215;!
216;!
217;!
218;I
219;!
220;I
221;I
222;!
223;!
224;C
225;!
226;!
227;!
228;!
229;!
230;!
231;!
232;!
233;X
234;I
235;!
236;!
237;!
238;I
239;H
240;I
241;I
242;!
243;O
244;-
245;-
246;-
247;-
248;-
249;-
250;-
251;-
252;-
253;-
254;O
255;!
256;!
257;!
258;I
259;!
260;I
261;I
262;X
263;I
264;!
265;!
266;!
267;!
268;!
269;!
270;!
271;!
272;!
273;!
274;!
275;!
276;!
277;!
278;O
279;-
280;O
281;O
282;-
283;O
284;!
285;!
286;!
287;!
288;!
289;!
290;!
291;!
292;!
293;!
294;!
295;!
296;!
297;!
298;!
299;!
300;!
301;!
302;!
303;!
304;O
305;-
306;-
307;-
308;-
309;-
310;-
311;-
312;-
313;-
314;-
315;-
316;-
317;-
318;-
319;-
320;-
321;!
322;!
323;!
324;I
325;!
326;!
327;!
328;!
329;I
330;X
331;!
332;!
333;!
334;!
335;!
336;!
337;!
338;!
339;!
340;I
341;!
342;O
343;-
344;O
345;!
346;!
347;!
348;!
349;I
350;!
351;!
352;!
353;!
354;!
355;!
356;!
357;!
358;!
359;!
360;I
361;!
362;I
363;X
364;!
365;!
366;!
367;!
368;!
369;O
370;-
371;-
372;O
373;!
374;!
375;!
376;!
377;!
378;!
379;!
380;I
381;!
382;I
383;!
384;!
385;!
386;!
387;!
388;!
389;!
390;!
391;!
392;I
393;!
394;!
395;!
396;!
397;!
398;!
399;!
400;I
401;!
402;I
403;!
404;!
405;!
406;!
407;!
408;!
409;!
410;!
411;!
412;I
413;!
414;!
415;!
416;!
417;!
418;!
419;!
420;I
421;!
422;I
423;!
424;!
425;!
426;!
427;!
428;!
429;!
430;!
431;!
432;I
433;!
434;!
435;!
436;!
437;!
438;!
439;!
440;I
441;!
442;I
443;!
444;!
445;!
446;!
447;!
448;!
449;!
450;!
451;!
452;!
453;X
454;-
455;-
456;-
457;-
458;O
459;!
460;I
461;!
462;I
463;!
464;!
465;O
466;-
467;O
468;!
469;!
470;!
471;!
472;!
473;!
474;!
475;!
476;!
477;!
478;I
479;H
480;I
481;!
482;I
483;!
484;!
485;I
486;!
487;I
488;!
489;!
490;!
491;!
492;!
493;!
494;!
495;!
496;!
497;!
498;O
499;-
500;O
501;!
502;I
503;!
504;L
505;I
506;!
507;I
508;!
509;!
510;!
511;!
512;!
513;!
514;!
515;!
516;!
517;!
518;!
519;!
520;I
521;!
522;O
523;-
524;-
525;O
526;!
527;I
528;!
529;!
530;!
531;!
532;!
533;!
534;!
535;!
536;!
537;!
538;!
539;!
540;I
541;!
542;!
543;!
544;!
545;!
546;!
547;I
548;!
549;!
550;!
551;!
552;!
553;!
554;!
555;!
556;!
557;!
558;!
559;!
560;I
561;!
562;!
563;!
564;!
565;!
566;!
567;I
568;X
569;!
570;!
571;!
572;!
573;!
574;!
575;!
576;!
577;!
578;!
579;C
580;I
581;!
582;!
583;!
584;!
585;!
586;!
587;O
588;-
589;-
590;-
591;-
592;-
593;-
594;-
595;-
596;-
597;-
598;-
599;-
600;O
601;!
602;!
603;O
604;-
605;-
606;-
607;-
608;-
609;-
610;-
611;-
612;-
613;-
614;-
615;-
616;-
617;-
618;-
619;-
620;O
621;!
622;!
623;I
624;!
625;!
626;!
627;!
628;!
629;!
630;!
631;!
632;!
633;!
634;!
635;!
636;!
637;!
638;!
639;!
640;I
641;!
642;!
643;I
644;!
645;O
646;-
647;-
648;-
649;-
650;-
651;-
652;-
653;-
654;-
655;-
656;O
657;!
658;!
659;X
660;I
661;!
662;!
663;I
664;!
665;I
666;X
667;!
668;!
669;!
670;!
671;!
672;!
673;!
674;!
675;!
676;I
677;!
678;!
679;!
680;I
681;!
682;!
683;I
684;!
685;I
686;!
687;O
688;-
689;-
690;-
691;-
692;-
693;-
694;O
695;!
696;I
697;!
698;!
699;!
700;I
701;!
702;!
703;I
704;!
705;I
706;!
707;I
708;!
709;!
710;!
711;!
712;!
713;!
714;I
715;!
716;I
717;!
718;O
719;-
720;O
721;!
722;!
723;I
724;!
725;I
726;!
727;I
728;!
729;O
730;-
731;-
732;O
733;!
734;I
735;!
736;I
737;!
738;I
739;!
740;!
741;!
742;!
743;I
744;!
745;I
746;!
747;I
748;!
749;I
750;H
751;X
752;I
753;!
754;I
755;!
756;I
757;!
758;I
759;!
760;!
761;!
762;!
763;I
764;!
765;I
766;!
767;I
768;L
769;I
770;!
771;!
772;I
773;!
774;I
775;!
776;I
777;!
778;O
779;-
780;O
781;!
782;!
783;I
784;!
785;I
786;!
787;I
788;!
789;I
790;!
791;!
792;!
793;!
794;I
795;!
796;I
797;!
798;!
799;!
800;I
801;O
802;-
803;O
804;!
805;I
806;!
807;I
808;!
809;O
810;-
811;-
812;-
813;-
814;O
815;!
816;I
817;!
818;!
819;!
820;I
821;I
822;!
823;!
824;!
825;I
826;!
827;I
828;!
829;!
830;!
831;!
832;!
833;!
834;!
835;!
836;I
837;!
838;!
839;!
840;I
841;I
842;!
843;!
844;!
845;I
846;!
847;O
848;-
849;-
850;-
851;-
852;-
853;-
854;-
855;-
856;O
857;!
858;!
859;!
860;I
861;I
862;C
863;!
864;X
865;I
866;!
867;!
868;!
869;!
870;!
871;!
872;!
873;!
874;!
875;!
876;!
877;!
878;!
879;X
880;I
881;O
882;-
883;-
884;-
885;O
886;-
887;-
888;-
889;-
890;-
891;-
892;-
893;-
894;-
895;-
896;-
897;-
898;-
899;-
900;O
901;O
902;-
903;-
904;-
905;-
906;-
907;-
908;-
909;-
910;O
911;O
912;-
913;-
914;-
915;-
916;-
917;-
918;-
919;-
920;O
921;I
922;X
923;!
924;!
925;!
926;!
927;!
928;!
929;!
930;O
931;O
932;!
933;!
934;!
935;!
936;!
937;!
938;!
939;X
940;I
941;I
942;!
943;!
944;!
945;!
946;!
947;!
948;!
949;!
950;I
951;I
952;!
953;!
954;!
955;!
956;!
957;!
958;!
959;!
960;I
961;I
962;!
963;!
964;O
965;O
966;!
967;!
968;!
969;!
970;I
971;I
972;!
973;!
974;!
975;!
976;O
977;O
978;!
979;!
980;I
981;I
982;!
983;!
984;!
985;!
986;!
987;!
988;!
989;!
990;!
991;!
992;!
993;!
994;!
995;!
996;!
997;!
998;!
999;!
1000;I
1001;I
1002;!
1003;!
1004;!
1005;!
1006;!
1007;!
1008;!
1009;!
1010;O
1011;O
1012;!
1013;!
1014;!
1015;!
1016;!
1017;!
1018;!
1019;!
1020;I
1021;O
1022;O
1023;-
1024;-
1025;-
1026;-
1027;-
1028;O
1029;!
1030;!
1031;!
1032;!
1033;O
1034;-
1035;-
1036;-
1037;-
1038;-
1039;O
1040;O
1041;O
1042;O
1043;C
1044;!
1045;!
1046;!
1047;!
1048;!
1049;O
1050;L
1051;!
1052;O
1053;!
1054;!
1055;!
1056;X
1057;!
1058;H
1059;O
1060;O
1061;O
1062;O
1063;-
1064;-
1065;-
1066;-
1067;-
1068;O
1069;!
1070;!
1071;!
1072;!
1073;O
1074;-
1075;-
1076;-
1077;-
1078;-
1079;O
1080;O
1081;I
1082;!
1083;!
1084;!
1085;!
1086;!
1087;!
1088;!
1089;!
1090;O
1091;O
1092;!
1093;!
1094;!
1095;!
1096;!
1097;!
1098;!
1099;!
1100;I
1101;I
1102;!
1103;!
1104;!
1105;!
1106;!
1107;!
1108;!
1109;!
1110;!
1111;!
1112;!
1113;!
1114;!
1115;!
1116;!
1117;!
1118;!
1119;!
1120;I
1121;I
1122;!
1123;!
1124;O
1125;O
1126;!
1127;!
1128;!
1129;!
1130;I
1131;I
1132;!
1133;!
1134;!
1135;!
1136;O
1137;O
1138;!
1139;!
1140;I
1141;I
1142;!
1143;!
1144;!
1145;!
1146;!
1147;!
1148;!
1149;!
1150;I
1151;I
1152;!
1153;!
1154;!
1155;!
1156;O
1157;O
1158;!
1159;!
1160;I
1161;I
1162;X
1163;!
1164;!
1165;!
1166;!
1167;!
1168;!
1169;!
1170;O
1171;O
1172;!
1173;!
1174;!
1175;!
1176;!
1177;!
1178;!
1179;X
1180;I
1181;O
1182;-
1183;-
1184;-
1185;-
1186;-
1187;-
1188;-
1189;-
1190;O
1191;O
1192;-
1193;-
1194;-
1195;-
1196;-
1197;-
1198;-
1199;-
1200;O
